﻿<?xml version="1.0" encoding="utf-8"?>
<data>
	<item>
		<id>0</id>
		<cardType>1</cardType>
		<image>card/imgs/futurSmartphone.png</image>
		<name color="white">Smartphone du Futur</name>
		<description>Vous inventez l'ultime
			smartphone.
			C'est une révolution.</description>
		<type>1</type>
		<cardData>
			<costPerTurn>200</costPerTurn>
			<costPerTurnModifier>0</costPerTurnModifier>
			<incomePerTurn>700</incomePerTurn>
			<incomePerTurnModifier>-7</incomePerTurnModifier>
			<discardCost>3500</discardCost>
		</cardData>
		<life>99</life>
		<deploymentCost>1570</deploymentCost>
		<effects>
		</effects>
		<affectedType>0</affectedType>
	</item>
	<item>
		<id>1</id>
		<cardType>1</cardType>
		<image>card/imgs/avionSousterrain.png</image>
		<name>L'avion sous-terrain</name>
		<description>Tout le monde l'attendait.
			Vous l'avez fait.</description>
		<type>1</type>
		<cardData>
			<costPerTurn>130</costPerTurn>
			<costPerTurnModifier>5</costPerTurnModifier>
			<incomePerTurn>320</incomePerTurn>
			<incomePerTurnModifier>0</incomePerTurnModifier>
			<discardCost>350</discardCost>
		</cardData>
		<life>99</life>
		<deploymentCost>250</deploymentCost>
		<effects>
		</effects>
		<affectedType>0</affectedType>
	</item>
	<item>
		<id>2</id>
		<cardType>1</cardType>
		<image>card/imgs/batteauTerrestre.png</image>
		<name>Le Bateau Terrestre</name>
		<description>Vous réinventez le
			concept du bateau.</description>
		<type>1</type>
		<cardData>
			<costPerTurn>40</costPerTurn>
			<costPerTurnModifier>0</costPerTurnModifier>
			<incomePerTurn>110</incomePerTurn>
			<incomePerTurnModifier>-2</incomePerTurnModifier>
			<discardCost>50</discardCost>
		</cardData>
		<life>99</life>
		<deploymentCost>200</deploymentCost>
		<effects>
		</effects>
		<affectedType>0</affectedType>
	</item>
	<item>
		<id>3</id>
		<cardType>1</cardType>
		<image>card/imgs/nexGenConsole.png</image>
		<name>Console Next-Gen</name>
		<description>La console de jeux vidéo
			portative vient d'être
			révolutionnée.</description>
		<type>1</type>
		<cardData>
			<costPerTurn>120</costPerTurn>
			<costPerTurnModifier>-1</costPerTurnModifier>
			<incomePerTurn>600</incomePerTurn>
			<incomePerTurnModifier>-5</incomePerTurnModifier>
			<discardCost>100</discardCost>
		</cardData>
		<life>99</life>
		<deploymentCost>1350</deploymentCost>
		<effects>
		</effects>
		<affectedType>0</affectedType>
	</item>
	<item>
		<id>4</id>
		<cardType>1</cardType>
		<image>card/imgs/nucleaire.png</image>
		<name>Centrale Nucléaire</name>
		<description>Elle brille la nuit ! Livrée
			avec des gélules colorées.</description>
		<type>1</type>
		<cardData>
			<costPerTurn>250</costPerTurn>
			<costPerTurnModifier>10</costPerTurnModifier>
			<incomePerTurn>2000</incomePerTurn>
			<incomePerTurnModifier>0</incomePerTurnModifier>
			<discardCost>3500</discardCost>
		</cardData>
		<life>99</life>
		<deploymentCost>5500</deploymentCost>
		<effects>
		</effects>
		<affectedType>0</affectedType>
	</item>
	<item>
		<id>5</id>
		<cardType>2</cardType>
		<image>card/imgs/parachutedore.png</image>
		<name color="white">Parachute Dore</name>
		<description>Oblige le licenciment
			d'un employé, avec une
			jolie  prime de départ.</description>
		<type>2</type>
		<life>1</life>
		<deploymentCost>500</deploymentCost>
		<effects>
			<effect>
				<value>-99</value>
				<modifierType>2</modifierType>
				<affectedValue>5</affectedValue>
			</effect>
			<effect>
				<value>-100</value>
				<modifierType>1</modifierType>
				<affectedValue>6</affectedValue>
			</effect>
		</effects>
		<affectedType>3</affectedType>
	</item>
	<item>
		<id>6</id>
		<cardType>2</cardType>
		<image>card/imgs/revolutionOuvriere.png</image>
		<name color="white">Révolution Ouvriere</name>
		<description>Le travail appauvrit la 
			richesse de l'homme libre</description>
		<type>1</type>
		<life>4</life>
		<deploymentCost>350</deploymentCost>
		<effects>
			<effect>
				<value>10</value>
				<modifierType>1</modifierType>
				<affectedValue>1</affectedValue>
			</effect>
			<effect>
				<value>5</value>
				<modifierType>2</modifierType>
				<affectedValue>2</affectedValue>
			</effect>
		</effects>
		<affectedType>1</affectedType>
	</item>
	<item>
		<id>7</id>
		<cardType>2</cardType>
		<image>card/imgs/ScandaleSexuel.png</image>
		<name>Scandale Sexuel !</name>
		<description>Obligé de partir la queue
			entre les jambes...</description>
		<type>2</type>
		<life>1</life>
		<deploymentCost>360</deploymentCost>
		<effects>
			<effect>
				<value>-99</value>
				<modifierType>1</modifierType>
				<affectedValue>5</affectedValue>
			</effect>
			<effect>
				<value>-99</value>
				<modifierType>2</modifierType>
				<affectedValue>6</affectedValue>
			</effect>
		</effects>
		<affectedType>3</affectedType>
	</item>
	<item>
		<id>8</id>
		<cardType>1</cardType>
		<image>card/imgs/SystemeDeSurveillance.png</image>
		<name color="white">Systeme de Surveillance</name>
		<description>Et ils ne se doutent de rien</description>
		<type>1</type>
		<cardData>
			<costPerTurn>320</costPerTurn>
			<costPerTurnModifier>9</costPerTurnModifier>
			<incomePerTurn>500</incomePerTurn>
			<incomePerTurnModifier>0</incomePerTurnModifier>
			<discardCost>480</discardCost>
		</cardData>
		<life>99</life>
		<deploymentCost>3500</deploymentCost>
		<effects>
		</effects>
		<affectedType>0</affectedType>
	</item>
	<item>
		<id>9</id>
		<cardType>1</cardType>
		<image>card/imgs/voyageTemporel.png</image>
		<name color="white">Voyage temporel</name>
		<description>Le continum espace temps
			vous appartient !</description>
		<type>1</type>
		<cardData>
			<costPerTurn>425</costPerTurn>
			<costPerTurnModifier>0</costPerTurnModifier>
			<incomePerTurn>1010</incomePerTurn>
			<incomePerTurnModifier>0</incomePerTurnModifier>
			<discardCost>250</discardCost>
		</cardData>
		<life>99</life>
		<deploymentCost>3500</deploymentCost>
		<effects>
			<effect>
				<value>10</value>
				<modifierType>2</modifierType>
				<affectedValue>6</affectedValue>
			</effect>
		</effects>
		<affectedType>0</affectedType>
	</item>
	<item>
		<id>10</id>
		<cardType>1</cardType>
		<image>card/imgs/chinese_invest.jpg</image>
		<name>Investissement chinois</name>
		<description>Le communisme n'a
			jamais été aussi rentable !</description>
		<type>2</type>
		<cardData>
			<costPerTurn>10</costPerTurn>
			<costPerTurnModifier>0</costPerTurnModifier>
			<incomePerTurn>0</incomePerTurn>
			<incomePerTurnModifier>0</incomePerTurnModifier>
			<discardCost>10</discardCost>
		</cardData>
		<life>5</life>
		<deploymentCost>500</deploymentCost>
		<effects>
			<effect>
				<value>15</value>
				<modifierType>1</modifierType>
				<affectedValue>3</affectedValue>
			</effect>
			<effect>
				<value>-10</value>
				<modifierType>1</modifierType>
				<affectedValue>1</affectedValue>
			</effect>
		</effects>
		<affectedType>1</affectedType>
	</item>
	<item>
		<id>11</id>
		<cardType>1</cardType>
		<image>card/imgs/appareil360.png</image>
		<name color="white">L'appareil 360</name>
		<description>Vous créez la photosphere
				 argentique !</description>
		<type>1</type>
		<cardData>
			<costPerTurn>255</costPerTurn>
			<costPerTurnModifier>0</costPerTurnModifier>
			<incomePerTurn>500</incomePerTurn>
			<incomePerTurnModifier>0</incomePerTurnModifier>
			<discardCost>30</discardCost>
		</cardData>
		<life>99</life>
		<deploymentCost>600</deploymentCost>
		<effects>
		</effects>
		<affectedType>0</affectedType>
	</item>
	<item>
		<id>12</id>
		<cardType>1</cardType>
		<image>card/imgs/jeuvideoUltime.png</image>
		<name color="white">Jeux vidéo Addictif</name>
		<description>LE jeux vidéo ULTIME!</description>
		<type>1</type>
		<cardData>
			<costPerTurn>49</costPerTurn>
			<costPerTurnModifier>0</costPerTurnModifier>
			<incomePerTurn>550</incomePerTurn>
			<incomePerTurnModifier>-13</incomePerTurnModifier>
			<discardCost>20</discardCost>
		</cardData>
		<life>99</life>
		<deploymentCost>320</deploymentCost>
		<effects>
		</effects>
		<affectedType>0</affectedType>
	</item>
	<item>
		<id>13</id>
		<cardType>2</cardType>
		<image>card/imgs/earthquake.png</image>
		<name color="white">Tremblement de terre !!!</name>
		<description>Un dévastateur tremblement
			de terre !</description>
		<type>1</type>
		<cardData>
			<costPerTurn>0</costPerTurn>
			<costPerTurnModifier>0</costPerTurnModifier>
			<incomePerTurn>0</incomePerTurn>
			<incomePerTurnModifier>0</incomePerTurnModifier>
			<discardCost>0</discardCost>
		</cardData>
		<life>1</life>
		<deploymentCost>800</deploymentCost>
		<effects>
			<effect>
				<value>-70</value>
				<modifierType>1</modifierType>
				<affectedValue>3</affectedValue>
			</effect>
			<effect>
				<value>-20</value>
				<modifierType>2</modifierType>
				<affectedValue>6</affectedValue>
			</effect>
		</effects>
		<affectedType>1</affectedType>
	</item>
	<item>
		<id>14</id>
		<cardType>1</cardType>
		<image>card/imgs/filsDuPatron.png</image>
		<name color="black">Fils du patron</name>
		<description>Tout vos produits perdent
			en durée de vie...</description>
		<type>3</type>
		<cardData>
			<costPerTurn>100</costPerTurn>
			<costPerTurnModifier>0</costPerTurnModifier>
			<incomePerTurn>101</incomePerTurn>
			<incomePerTurnModifier>-0.1</incomePerTurnModifier>
			<discardCost>600</discardCost>
		</cardData>
		<life>80</life>
		<deploymentCost>100</deploymentCost>
		<effects>
			<effect>
				<value>-20</value>
				<modifierType>2</modifierType>
				<affectedValue>6</affectedValue>
			</effect>
		</effects>
		<affectedType>1</affectedType>
	</item>
	<item>
		<id>15</id>
		<cardType>1</cardType>
		<image>card/imgs/financeGenuis.png</image>
		<name color="black">Génie de la Finance</name>
		<description>Vous investssez dans
			le DogeCoin.</description>
		<type>3</type>
		<cardData>
			<costPerTurn>130</costPerTurn>
			<costPerTurnModifier>0</costPerTurnModifier>
			<incomePerTurn>150</incomePerTurn>
			<incomePerTurnModifier>0.01</incomePerTurnModifier>
			<discardCost>500</discardCost>
		</cardData>
		<life>14</life>
		<deploymentCost>150</deploymentCost>
		<effects>
			<effect>
				<value>-20</value>
				<modifierType>1</modifierType>
				<affectedValue>2</affectedValue>
			</effect>
		</effects>
		<affectedType>1</affectedType>
	</item>
	<item>
		<id>16</id>
		<cardType>1</cardType>
		<image>card/imgs/modeFonctionnaireON.png</image>
		<name color="black">Fonctionnaire</name>
		<description>Passez en mode
			fonctionnaire. Vos produits
			perdent en durée de vie.</description>
		<type>3</type>
		<cardData>
			<costPerTurn>100</costPerTurn>
			<costPerTurnModifier>0</costPerTurnModifier>
			<incomePerTurn>50</incomePerTurn>
			<incomePerTurnModifier>0</incomePerTurnModifier>
			<discardCost>700</discardCost>
		</cardData>
		<life>99</life>
		<deploymentCost>500</deploymentCost>
		<effects>
			<effect>
				<value>-10</value>
				<modifierType>2</modifierType>
				<affectedValue>6</affectedValue>
			</effect>
		</effects>
		<affectedType>1</affectedType>
	</item>
	<item>
		<id>17</id>
		<cardType>1</cardType>
		<image>card/imgs/superDev.png</image>
		<name color="black">Vuzi</name>
		<description>Super dev :
			Augmente vos revenus par
			tours.</description>
		<type>3</type>
		<cardData>
			<costPerTurn>100</costPerTurn>
			<costPerTurnModifier>0</costPerTurnModifier>
			<incomePerTurn>600</incomePerTurn>
			<incomePerTurnModifier>0</incomePerTurnModifier>
			<discardCost>500</discardCost>
		</cardData>
		<life>99</life>
		<deploymentCost>3500</deploymentCost>
		<effects>
			<effect>
				<value>20</value>
				<modifierType>2</modifierType>
				<affectedValue>3</affectedValue>
			</effect>
		</effects>
		<affectedType>1</affectedType>
	</item>
	<item>
		<id>18</id>
		<cardType>1</cardType>
		<image>card/imgs/superEmployee.png</image>
		<name color="black">Employé du mois</name>
		<description>Réduit concidérablement
			les coûts de production.</description>
		<type>3</type>
		<cardData>
			<costPerTurn>100</costPerTurn>
			<costPerTurnModifier>0</costPerTurnModifier>
			<incomePerTurn>500</incomePerTurn>
			<incomePerTurnModifier>0</incomePerTurnModifier>
			<discardCost>3500</discardCost>
		</cardData>
		<life>99</life>
		<deploymentCost>3500</deploymentCost>
		<effects>
			<effect>
				<value>-30</value>
				<modifierType>1</modifierType>
				<affectedValue>2</affectedValue>
			</effect>
		</effects>
		<affectedType>1</affectedType>
	</item>
	<item>
		<id>19</id>
		<cardType>2</cardType>
		<image>card/imgs/tsunami.png</image>
		<name color="white">Tsunami</name>
		<description>Un tsunami a frappé.
Les dégats sont
considérables.</description>
		<type>1</type>
		<cardData>
			<costPerTurn>0</costPerTurn>
			<costPerTurnModifier>0</costPerTurnModifier>
			<incomePerTurn>0</incomePerTurn>
			<incomePerTurnModifier>0</incomePerTurnModifier>
			<discardCost>0</discardCost>
		</cardData>
		<life>1</life>
		<deploymentCost>800</deploymentCost>
		<effects>
			<effect>
				<value>40</value>
				<modifierType>1</modifierType>
				<affectedValue>2</affectedValue>
			</effect>
		</effects>
		<affectedType>1</affectedType>
	</item>
	<item>
		<id>20</id>
		<cardType>1</cardType>
		<image>card/imgs/sysHadMin.png</image>
		<name color="White">Sys Had Min</name>
		<description>Le meilleur administateur
			pour le meilleur des
			réseaux.</description>
		<type>3</type>
		<cardData>
			<costPerTurn>238</costPerTurn>
			<costPerTurnModifier>0</costPerTurnModifier>
			<incomePerTurn>300</incomePerTurn>
			<incomePerTurnModifier>-1</incomePerTurnModifier>
			<discardCost>1200</discardCost>
		</cardData>
		<life>14</life>
		<deploymentCost>2060</deploymentCost>
		<effects>
			<effect>
				<value>10</value>
				<modifierType>2</modifierType>
				<affectedValue>6</affectedValue>
			</effect>
			<effect>
				<value>-5</value>
				<modifierType>1</modifierType>
				<affectedValue>2</affectedValue>
			</effect>
		</effects>
		<affectedType>1</affectedType>
	</item>
	<item>
		<id>21</id>
		<cardType>1</cardType>
		<image>card/imgs/syndicalise.png</image>
		<name color="White">Syndicalisé</name>
		<description>Quelle poisse.
			Encore un syndicalisé !</description>
		<type>3</type>
		<cardData>
			<costPerTurn>100</costPerTurn>
			<costPerTurnModifier>3</costPerTurnModifier>
			<incomePerTurn>115</incomePerTurn>
			<incomePerTurnModifier>0</incomePerTurnModifier>
			<discardCost>3500</discardCost>
		</cardData>
		<life>10</life>
		<deploymentCost>3500</deploymentCost>
		<effects>
			<effect>
				<value>-20</value>
				<modifierType>1</modifierType>
				<affectedValue>6</affectedValue>
			</effect>
		</effects>
		<affectedType>1</affectedType>
	</item>
	<item>
		<id>22</id>
		<cardType>1</cardType>
		<image>card/imgs/superManager.png</image>
		<name color="White">Super Manager</name>
		<description>Yay!
			la durée de vie du produit
			augmente!</description>
		<type>3</type>
		<cardData>
			<costPerTurn>342</costPerTurn>
			<costPerTurnModifier>7</costPerTurnModifier>
			<incomePerTurn>500</incomePerTurn>
			<incomePerTurnModifier>-5</incomePerTurnModifier>
			<discardCost>1824</discardCost>
		</cardData>
		<life>17</life>
		<deploymentCost>1200</deploymentCost>
		<effects>
			<effect>
				<value>20</value>
				<modifierType>2</modifierType>
				<affectedValue>6</affectedValue>
			</effect>
		</effects>
		<affectedType>1</affectedType>
	</item>
	<item>
		<id>23</id>
		<cardType>2</cardType>
		<image>card/imgs/taxes.jpg</image>
		<name>Taxe surprise</name>
		<description>Le type de taxe qui
			fait le plus mal !</description>
		<type>2</type>
		<life>20</life>
		<deploymentCost>550</deploymentCost>
		<effects>
			<effect>
				<value>20</value>
				<modifierType>1</modifierType>
				<affectedValue>1</affectedValue>
			</effect>
		</effects>
		<affectedType>1</affectedType>
	</item>
	<item>
		<id>24</id>
		<cardType>2</cardType>
		<image>card/imgs/pub.jpg</image>
		<name color="white">Publicité aggressive</name>
		<description>Tout le monde veut
			votre produit, aussi inutile
			soit il !</description>
		<type>2</type>
		<life>7</life>
		<deploymentCost>800</deploymentCost>
		<effects>
			<effect>
				<value>45</value>
				<modifierType>1</modifierType>
				<affectedValue>3</affectedValue>
			</effect>
			<effect>
				<value>5</value>
				<modifierType>2</modifierType>
				<affectedValue>4</affectedValue>
			</effect>
		</effects>
		<affectedType>1</affectedType>
	</item>
	<item>
		<id>24</id>
		<cardType>2</cardType>
		<image>card/imgs/pub2.jpg</image>
		<name>Publicité ciblée</name>
		<description>Spécialement pour la
			ménagère de moins de
			50 ans !</description>
		<type>2</type>
		<life>10</life>
		<deploymentCost>400</deploymentCost>
		<effects>
			<effect>
				<value>10</value>
				<modifierType>1</modifierType>
				<affectedValue>3</affectedValue>
			</effect>
			<effect>
				<value>7.5</value>
				<modifierType>2</modifierType>
				<affectedValue>4</affectedValue>
			</effect>
		</effects>
		<affectedType>1</affectedType>
	</item>
	<item>
		<id>25</id>
		<cardType>2</cardType>
		<image>card/imgs/avocat.jpg</image>
		<name color="white">Annulation de contrat</name>
		<description>Un avocat futé pour
			pouvoir faire annuler
			un contrat.</description>
		<type>2</type>
		<life>10</life>
		<deploymentCost>500</deploymentCost>
		<effects>
			<effect>
				<value>-100</value>
				<modifierType>1</modifierType>
				<affectedValue>5</affectedValue>
			</effect>
			<effect>
				<value>-99</value>
				<modifierType>2</modifierType>
				<affectedValue>6</affectedValue>
			</effect>
		</effects>
		<affectedType>2</affectedType>
	</item>
	<item>
		<id>26</id>
		<cardType>1</cardType>
		<image>card/imgs/chinese_factory.jpg</image>
		<name color="black">Usine chinoise</name>
		<description>Faites baisser les coûts
			et la qualité de vos
			produit en même temps !</description>
		<type>2</type>
		<cardData>
			<costPerTurn>120</costPerTurn>
			<costPerTurnModifier>0</costPerTurnModifier>
			<incomePerTurn>0</incomePerTurn>
			<incomePerTurnModifier>0</incomePerTurnModifier>
			<discardCost>300</discardCost>
		</cardData>
		<life>15</life>
		<deploymentCost>1500</deploymentCost>
		<effects>
			<effect>
				<value>-20</value>
				<modifierType>1</modifierType>
				<affectedValue>1</affectedValue>
			</effect>
		</effects>
		<affectedType>1</affectedType>
	</item>
	<item>
		<!-- id  -->
		<id>27</id>
		<!-- Type général ( 1 = CARD, 2 = ACTION) -->
		<cardType>1</cardType>
		<!-- Chemin image -->
		<image>card/imgs/romania.jpg</image>
		<!-- Nom de la carte -->
		<name color="white">Usine roumaine</name>
		<!-- Description -->
		<description>Un peu plus près
			(et plus cher) que
			la chinoise.</description>
		<!-- Sous-type de la carte : 
			si type = 1 : 1 = EVENT, 2 = ACTION
			si type = 2 : 1 = PRODUCT, 2 = CONTRACT, 3 = EMPLOYEE -->
		<type>2</type>
		<!-- Données de la carte -->
		<cardData>
			<!-- Coût par tour -->
			<costPerTurn>170</costPerTurn>
			<!-- Modifieur du coût (%) -->
			<costPerTurnModifier>0</costPerTurnModifier>
			<!-- Revenus par tour -->
			<incomePerTurn>0</incomePerTurn>
			<!-- Modifieur des revenus (%) -->
			<incomePerTurnModifier>0</incomePerTurnModifier>
			<!-- Coût de suppression -->
			<discardCost>300</discardCost>
		</cardData>
		<!-- Durée de vie de la carte -->
		<life>15</life>
		<!-- Coût de pose -->
		<deploymentCost>1600</deploymentCost>
		<!-- Liste des effets -->
		<effects>
			<!-- Un effet -->
			<effect>
				<!-- Valeur de l'effet -->
				<value>-15</value>
				<!-- 1 = Pourcentage, 2 = fixe -->
				<modifierType>1</modifierType>
				<!-- Valeur affectée : 
					COST_PER_TURN             = 1     # Coût par tours
					COST_PER_TURN_MODIFIER    = 2     # Modificateur du coût par tours
					INCOME_PER_TURN           = 3     # Revenus par tours
					INCOME_PER_TURN_MODIFIER  = 4     # Modificateur des revenus par tours
					DISCARD_COST              = 5     # Coût de suppresion
					LIFE                      = 6     # Durée de vie de la carte
				-->
				<affectedValue>1</affectedValue>
			</effect>
		</effects>
		<!-- Type de CARD affecté : 1 = PRODUCT, 2 = CONTRACT, 3 = EMPLOYEE -->
		<affectedType>1</affectedType>
	</item>
</data>